<?xml version="1.0" encoding="UTF-8"?>
<jcr:root xmlns:sling="http://sling.apache.org/jcr/sling/1.0" xmlns:granite="http://www.adobe.com/jcr/granite/1.0" xmlns:cq="http://www.day.com/jcr/cq/1.0" xmlns:jcr="http://www.jcp.org/jcr/1.0" xmlns:nt="http://www.jcp.org/jcr/nt/1.0"
    jcr:primaryType="nt:unstructured"
    jcr:title="Configuration"
    sling:resourceType="cq/gui/components/authoring/dialog">
    <content
        jcr:primaryType="nt:unstructured"
        sling:resourceType="granite/ui/components/coral/foundation/container">
        <items jcr:primaryType="nt:unstructured">
            <tabs
                jcr:primaryType="nt:unstructured"
                sling:resourceType="granite/ui/components/coral/foundation/tabs"
                maximized="{Boolean}true">
                <items jcr:primaryType="nt:unstructured">
                    <feeddetails
                        jcr:primaryType="nt:unstructured"
                        jcr:title="Rss Feed Details"
                        sling:resourceType="granite/ui/components/coral/foundation/container">
                        <items jcr:primaryType="nt:unstructured">
                            <columns
                                jcr:primaryType="nt:unstructured"
                                sling:resourceType="granite/ui/components/coral/foundation/fixedcolumns">
                                <items jcr:primaryType="nt:unstructured">
                                    <column
                                        jcr:primaryType="nt:unstructured"
                                        sling:resourceType="granite/ui/components/coral/foundation/container">
                                        <items jcr:primaryType="nt:unstructured">
                                            <url
                                                jcr:primaryType="nt:unstructured"
                                                sling:resourceType="granite/ui/components/coral/foundation/form/textfield"
                                                fieldDescription="Input the URL of the Feed"
                                                fieldLabel="Source URL"
                                                name="./sourceURL"/>
                                            <nooffeeds
                                                jcr:primaryType="nt:unstructured"
                                                sling:resourceType="granite/ui/components/foundation/form/numberfield"
                                                fieldDescription="The maximum number of feeds to display. The default is 4"
                                                fieldLabel="Number of Feeds"
                                                min="{Long}4"
                                                name="./noOfFeeds"
                                                required="{Boolean}true"/>
                                            <showcustomfeeds
                                                granite:class="cq-dialog-checkbox-showhide"
                                                jcr:primaryType="nt:unstructured"
                                                sling:resourceType="granite/ui/components/coral/foundation/form/checkbox"
                                                checked="${not empty cqDesign.showCustomFeeds ? cqDesign.showCustomFeeds : false}"
                                                fieldDescription="Fall back custom feeds in case of empty response or any errors while fetching from source URL"
                                                name="./showCustomFeeds"
                                                text="Show Custom Feeds"
                                                uncheckedValue="false"
                                                value="true">
                                                <granite:data
                                                    jcr:primaryType="nt:unstructured"
                                                    cq-dialog-checkbox-showhide-target=".togglefield"/>
                                            </showcustomfeeds>
                                            <heading
                                                granite:class="coral-Form-fieldlabel togglefield"
                                                jcr:primaryType="nt:unstructured"
                                                sling:resourceType="granite/ui/components/coral/foundation/heading"
                                                level="{Long}4"
                                                margin="{Boolean}true"
                                                text="Manual Feeds"/>
                                            <manualfeeds
                                                granite:class="togglefield"
                                                jcr:primaryType="nt:unstructured"
                                                jcr:title="Custom Feeds"
                                                sling:resourceType="granite/ui/components/coral/foundation/container">
                                                <items jcr:primaryType="nt:unstructured">
                                                    <columns
                                                        jcr:primaryType="nt:unstructured"
                                                        sling:resourceType="granite/ui/components/coral/foundation/fixedcolumns">
                                                        <items jcr:primaryType="nt:unstructured">
                                                            <column
                                                                jcr:primaryType="nt:unstructured"
                                                                sling:resourceType="granite/ui/components/coral/foundation/container">
                                                                <items jcr:primaryType="nt:unstructured">
                                                                    <feedlist
                                                                        jcr:primaryType="nt:unstructured"
                                                                        sling:resourceType="granite/ui/components/coral/foundation/form/multifield"
                                                                        composite="{Boolean}true">
                                                                        <field
                                                                            jcr:primaryType="nt:unstructured"
                                                                            sling:resourceType="granite/ui/components/coral/foundation/container"
                                                                            name="./manualFeeds">
                                                                            <items jcr:primaryType="nt:unstructured">
                                                                                <title
                                                                                    jcr:primaryType="nt:unstructured"
                                                                                    sling:resourceType="granite/ui/components/coral/foundation/form/textfield"
                                                                                    fieldLabel="Title"
                                                                                    name="./title"/>
                                                                                <description
                                                                                    jcr:primaryType="nt:unstructured"
                                                                                    sling:resourceType="granite/ui/components/coral/foundation/form/textarea"
                                                                                    fieldLabel="Description"
                                                                                    name="./description"/>
                                                                                <date
                                                                                    jcr:primaryType="nt:unstructured"
                                                                                    sling:resourceType="granite/ui/components/coral/foundation/form/textfield"
                                                                                    emptyText="yyyy-MM-dd"
                                                                                    fieldLabel="Published Date"
                                                                                    name="./date"/>
                                                                            </items>
                                                                        </field>
                                                                    </feedlist>
                                                                </items>
                                                            </column>
                                                        </items>
                                                    </columns>
                                                </items>
                                            </manualfeeds>
                                        </items>
                                    </column>
                                </items>
                            </columns>
                        </items>
                    </feeddetails>
                </items>
            </tabs>
        </items>
    </content>
</jcr:root>
